todo_id,list_id,"todo","timelimit","created_at",done
7,1,"githubにあげる","2017-05-28","2017-05-28 02:36:51",0
8,1,"todoの完了ボタンを作成","2017-05-28","2017-05-28 10:43:57",1
9,1,"デザインの修正","2017-05-28","2017-05-28 13:33:31",1
10,2,"トイレ掃除","2017-06-20","2017-05-29 01:36:06",0
11,2,"玄関","2017-05-29","2017-05-29 04:06:04",0
12,2,"ベランダ","2017-05-29","2017-05-29 04:06:18",0
13,3,"ズボン","2017-05-29","2017-05-29 04:06:30",0
14,3,"ワイシャツ","2017-05-29","2017-05-29 04:06:34",0
15,3,"タオル","2017-05-29","2017-05-29 04:07:00",1
16,3,"ハンカチ","2017-05-29","2017-05-29 04:45:02",0
17,3,"靴下","2017-05-29","2017-05-29 04:45:08",1
18,1,"todoを検索","2017-05-29","2017-05-29 04:58:15",1
44,3,"パンツ","2017-05-29","2017-05-29 13:31:15",1
48,9,"次回の書類作成","2017-05-29","2017-05-29 21:11:01",0
49,9,"アプリ制作","2017-06-08","2017-05-29 21:11:36",0
50,9,"過去作品の調査","2017-06-15","2017-05-29 21:13:01",1
52,25,"java","2017-04-29","2017-05-29 22:54:09",1
53,25,"webの基本","2017-04-29","2017-05-29 22:54:26",1
54,1,"todoをテスト","2017-05-30","2017-05-29 23:47:27",1
55,1,"todoリストを再構築","2017-05-30","2017-05-29 23:48:13",0
56,9,"アルバイト書類","2017-05-30","2017-05-30 00:06:14",0
57,2,"机の整理整頓","2017-06-30","2017-05-30 00:06:57",0
58,13,"可燃","2017-05-30","2017-05-30 00:08:15",0
59,13,"不燃","2017-06-03","2017-05-30 00:08:31",0
60,13,"ペットボトル","2017-06-07","2017-05-30 00:08:47",0
